id,first_name,last_name,experienceYears,passedExams,dateOfBirth,email,phone
1,Chantal,Prestidge,2,18,1997,cprestidge0@engadget.com,
2,Henrik,Fritter,4,21,1976,hfritter1@shutterfly.com,507-134-7765
3,Jose,Stit,13,9,1983,jstit2@oracle.com,858-609-1954
4,Lloyd,Underdown,10,1,1987,lunderdown3@alexa.com,224-134-1303
5,Donella,Leggan,15,17,2001,dleggan4@techcrunch.com,529-503-5125
6,Laird,Vasyatkin,16,2,1978,lvasyatkin5@yellowbook.com,198-703-2302
7,Derwin,Varndall,12,21,1979,dvarndall6@indiegogo.com,189-660-8400
8,Leif,Fitzjohn,1,0,1997,lfitzjohn7@multiply.com,508-852-6987
9,Tildie,Yakovl,11,0,1982,tyakovl8@seesaa.net,367-784-9753
10,Hugibert,Edmondson,12,18,1974,hedmondson9@noaa.gov,
11,Hortense,Littleproud,11,8,1996,hlittleprouda@studiopress.com,116-487-5310
12,Nickey,Paley,13,31,1997,npaleyb@google.co.jp,283-981-6368
13,Lloyd,Tatershall,12,20,1986,ltatershallc@buzzfeed.com,196-879-2125
14,Fidelio,Seabrook,10,0,1991,fseabrookd@g.co,748-148-5869
15,Samantha,Allchin,12,2,1975,sallchine@biblegateway.com,560-222-2544
16,Cody,Scholig,6,16,1994,cscholigf@skyrock.com,468-638-9201
17,Holly-anne,Eskrigge,9,24,1978,heskriggeg@opera.com,809-446-6327
18,Irma,Ianno,1,7,1994,iiannoh@nytimes.com,195-656-7858
19,Gilles,Pigott,4,3,1981,gpigotti@sitemeter.com,494-970-2409
20,Lenard,Bidgood,16,4,2001,lbidgoodj@163.com,
21,Dyna,Reeves,4,6,1995,dreevesk@cbslocal.com,302-599-2876
22,Dorice,Albion,0,11,1993,dalbionl@hubpages.com,571-980-9515
23,Monro,Seavers,0,9,1995,mseaversm@opensource.org,357-313-9136
24,Alexa,Carluccio,3,31,1992,acarluccion@vkontakte.ru,398-968-1050
25,Nonnah,Ionn,5,24,1969,nionno@hibu.com,425-574-4927
26,Martie,Barrows,11,30,1995,mbarrowsp@japanpost.jp,990-972-7847
27,Crichton,Dosdell,17,9,1977,cdosdellq@lulu.com,973-717-1256
28,Christina,McManamen,13,1,1975,cmcmanamenr@studiopress.com,485-794-4540
29,Jerry,Hymor,2,27,1997,jhymors@pen.io,784-781-0451
30,Judi,Pillifant,0,3,1987,jpillifantt@spotify.com,483-852-0721
31,Cornelius,Frizzell,17,20,1992,cfrizzellu@psu.edu,831-981-1828
32,Nels,Kamen,1,4,1982,nkamenv@prnewswire.com,965-852-5634
33,Gualterio,Cheyne,17,27,1977,gcheynew@livejournal.com,602-688-8096
34,Svend,Ambler,3,8,1989,samblerx@disqus.com,566-321-9746
35,Gerry,Battersby,13,15,1973,gbattersbyy@kickstarter.com,883-709-2024
36,Annice,Dunne,10,4,1970,adunnez@nytimes.com,247-206-2052
37,Merrick,Nangle,3,2,1975,mnangle10@mashable.com,808-532-4590
38,Keslie,MacInnes,8,30,1993,kmacinnes11@tinyurl.com,372-959-9962
39,Harry,Gwatkin,8,17,1983,hgwatkin12@g.co,233-117-8546
40,Harlie,Marjot,6,12,2000,hmarjot13@freewebs.com,114-111-6516
41,Hedi,Sprowson,7,31,1982,hsprowson14@networksolutions.com,739-236-7245
42,Ellery,Rolf,2,9,1984,erolf15@dagondesign.com,
43,Cori,Rivaland,12,24,1982,crivaland16@salon.com,806-794-3703
44,Vonny,Perle,2,19,1975,vperle17@tmall.com,713-831-2201
45,Joly,Edmead,7,9,1974,jedmead18@hatena.ne.jp,551-657-3371
46,Maudie,Maddy,7,15,1985,mmaddy19@de.vu,345-457-2414
47,Layton,Kelston,13,15,1976,lkelston1a@salon.com,302-864-4121
48,Pauletta,Pien,17,4,1997,ppien1b@bluehost.com,832-641-3224
49,Daphna,Glaysher,15,1,1983,dglaysher1c@timesonline.co.uk,512-163-2856
50,Vernice,Smitherham,4,23,1979,vsmitherham1d@skype.com,151-802-4969
51,Ferd,Hawkwood,4,5,1974,fhawkwood1e@mapy.cz,213-844-7420
52,Kennie,Groucutt,16,1,1998,kgroucutt1f@dagondesign.com,641-295-8000
53,Cymbre,Northam,7,31,1973,cnortham1g@pagesperso-orange.fr,978-321-4194
54,Alexandrina,Lines,14,28,1976,alines1h@squidoo.com,468-503-9709
55,Clotilda,Bellwood,8,21,1978,cbellwood1i@goo.ne.jp,613-713-7989
56,Sibyl,Uff,13,12,1985,suff1j@mlb.com,914-279-1239
57,Reilly,Mum,11,22,1997,rmum1k@chron.com,875-953-0364
58,Yves,Greendale,3,2,1976,ygreendale1l@goodreads.com,368-492-9547
59,Doyle,Lewson,7,15,1998,dlewson1m@meetup.com,481-113-3827
60,Mycah,Norssister,11,0,1972,mnorssister1n@google.ru,460-373-4468
61,Kimberli,Perett,17,15,1969,kperett1o@msu.edu,577-407-5070
62,Guthry,Gariff,15,24,1974,ggariff1p@topsy.com,217-578-5180
63,Clarke,Dunniom,10,32,1996,cdunniom1q@shinystat.com,
64,Cathe,Oxlee,1,16,1990,coxlee1r@netvibes.com,577-877-2938
65,Fabian,Anfrey,9,23,1980,fanfrey1s@desdev.cn,
66,Adela,Monkman,12,14,1983,amonkman1t@imageshack.us,842-583-2349
67,Yoshi,Carpe,8,7,2000,ycarpe1u@typepad.com,202-919-2044
68,Paloma,Stoffel,15,14,1999,pstoffel1v@google.pl,135-884-2705
69,Jocelyn,Luthwood,11,22,1998,jluthwood1w@mapy.cz,605-577-6375
70,Dulce,Popley,13,9,1975,dpopley1x@globo.com,138-321-7035
71,Aaron,Benitez,17,11,1987,abenitez1y@google.ca,717-581-7272
72,Francyne,Dunsmuir,3,1,1983,fdunsmuir1z@ca.gov,958-715-3253
73,Broderic,Rubinow,9,2,1993,brubinow20@umn.edu,603-622-2639
74,Hanson,Queste,10,32,1977,hqueste21@fema.gov,305-755-5005
75,Shadow,Pumfrett,8,5,1990,spumfrett22@nytimes.com,776-305-7460
76,Aurie,Sackey,5,2,1983,asackey23@dagondesign.com,
77,Adolphus,Hissett,4,5,1980,ahissett24@themeforest.net,551-255-3828
78,Brenda,Thornally,8,13,2002,bthornally25@usatoday.com,761-407-9233
79,Enrique,Duchasteau,10,1,1989,educhasteau26@bandcamp.com,243-680-4727
80,Montague,Longridge,15,5,1978,mlongridge27@issuu.com,921-112-7924
81,Bruno,Dreinan,6,25,1998,bdreinan28@pcworld.com,237-691-6881
82,Cori,Limrick,3,8,1991,climrick29@cisco.com,117-611-9514
83,Jaine,Walling,14,31,2001,jwalling2a@theguardian.com,511-623-3175
84,Bonnie,Gilby,8,25,1990,bgilby2b@usgs.gov,302-558-6233
85,Sybilla,Franchi,15,1,1997,sfranchi2c@cargocollective.com,332-887-5004
86,Pebrook,Batrim,11,28,1997,pbatrim2d@youtube.com,102-295-8159
87,Robbie,Paulton,2,25,1975,rpaulton2e@spiegel.de,208-946-7704
88,Jehu,Oldham,8,8,1974,joldham2f@parallels.com,690-135-8798
89,Carita,Blueman,16,7,1996,cblueman2g@ebay.co.uk,420-469-9772
90,Dennis,Minico,12,19,1999,dminico2h@businesswire.com,116-826-3690
91,Leland,Tripon,2,26,1985,ltripon2i@typepad.com,902-776-4015
92,Alla,Worsam,7,8,1979,aworsam2j@prweb.com,823-854-4148
93,Jayson,Artz,4,6,1991,jartz2k@photobucket.com,904-401-2673
94,Domenico,Manjot,11,1,1991,dmanjot2l@mozilla.org,265-450-2820
95,Clea,Dunthorn,10,20,1978,cdunthorn2m@privacy.gov.au,182-948-3537
96,Tally,Stevings,6,20,1976,tstevings2n@virginia.edu,719-122-4896
97,Clo,Roddell,16,24,1980,croddell2o@wikimedia.org,396-479-7229
98,Ozzy,Hewins,5,0,1975,ohewins2p@ovh.net,469-243-1192
99,Ruddy,Syseland,13,32,1987,rsyseland2q@businessinsider.com,136-219-7741
100,Damien,Tremaine,12,19,1991,dtremaine2r@mapquest.com,688-796-2745
101,Bealle,Yewdell,7,4,1975,byewdell2s@desdev.cn,787-619-6649
102,Nancy,Terbrug,9,17,1971,nterbrug2t@patch.com,611-925-4883
103,Woodrow,Parsley,15,9,1970,wparsley2u@tamu.edu,707-684-3826
104,Deina,Feares,15,1,1974,dfeares2v@canalblog.com,200-890-2708
105,Rebeka,Conti,4,24,1988,rconti2w@sbwire.com,356-719-6690
106,Aldo,Channon,16,20,1986,achannon2x@devhub.com,785-762-2128
107,Gigi,Splaven,0,6,1999,gsplaven2y@washingtonpost.com,104-790-3145
108,Domeniga,Laffranconi,2,5,1981,dlaffranconi2z@themeforest.net,346-303-0978
109,Lotta,Goroni,0,10,1996,lgoroni30@moonfruit.com,474-541-6226
110,Boigie,Heugle,7,17,2000,bheugle31@opensource.org,510-433-3428
111,Antoinette,Kainz,1,10,1999,akainz32@scribd.com,258-347-7941
112,Davita,Kolakovic,12,18,1988,dkolakovic33@opera.com,
113,Henry,Juggins,2,8,1994,hjuggins34@mlb.com,660-310-8102
114,Ilsa,Van der Baaren,6,14,1972,ivanderbaaren35@goodreads.com,172-173-1897
115,Nicola,McBoyle,2,30,1993,nmcboyle36@shinystat.com,
116,Christal,Ibbott,7,21,1971,cibbott37@wired.com,102-712-0542
117,Allissa,Malek,13,32,1983,amalek38@reuters.com,412-685-3888
118,Reinaldos,Drinkhill,5,8,1973,rdrinkhill39@trellian.com,399-312-3981
119,Lulita,London,14,16,1982,llondon3a@elpais.com,303-661-9122
120,Bondy,Benford,14,14,1977,bbenford3b@bloglovin.com,407-373-5230
121,Robbert,Tadd,9,20,1980,rtadd3c@merriam-webster.com,559-970-0431
122,Carly,Wearing,6,7,1985,cwearing3d@go.com,961-741-7541
123,Lance,Bailles,1,20,1977,lbailles3e@linkedin.com,608-808-0831
124,David,Barhams,7,14,1987,dbarhams3f@bizjournals.com,863-510-0378
125,Horatius,Jonin,0,0,1977,hjonin3g@mapquest.com,424-934-7203
126,Lawrence,Huish,8,27,1980,lhuish3h@xinhuanet.com,618-581-8978
127,Daune,Alfonsetti,1,26,1982,dalfonsetti3i@vimeo.com,161-276-2949
128,Lesli,Shepstone,0,12,1976,lshepstone3j@java.com,211-879-6526
129,Holmes,Amott,5,17,1988,hamott3k@noaa.gov,497-624-3736
130,Zolly,Hardaway,15,14,1997,zhardaway3l@npr.org,165-708-0382
131,Lanni,Busen,3,14,1989,lbusen3m@sohu.com,944-557-1623
132,Giorgia,Biggadyke,0,2,1984,gbiggadyke3n@prweb.com,965-354-7754
133,Halsey,Wooderson,17,16,2002,hwooderson3o@trellian.com,
134,Prissie,Addington,4,18,2000,paddington3p@mediafire.com,999-853-6487
135,Arman,Begg,16,30,1977,abegg3q@wikipedia.org,173-116-3287
136,Angil,Jennings,9,9,1993,ajennings3r@com.com,345-109-9397
137,Katherina,Baseggio,8,25,1972,kbaseggio3s@odnoklassniki.ru,514-797-8483
138,Lacee,Farish,8,23,2000,lfarish3t@printfriendly.com,297-196-2143
139,Bendicty,Renne,13,3,1988,brenne3u@theglobeandmail.com,732-620-6722
140,Dru,Baytrop,12,12,1976,dbaytrop3v@goo.ne.jp,493-248-9523
141,Geno,Charlo,3,12,1987,gcharlo3w@comsenz.com,988-701-3951
142,Whitaker,Antonikov,2,4,1990,wantonikov3x@jimdo.com,832-160-9217
143,Mallorie,Ungerechts,15,13,1969,mungerechts3y@tripadvisor.com,994-493-4781
144,Burt,Lutsch,15,28,1977,blutsch3z@edublogs.org,202-559-3198
145,Karia,Wyant,9,12,1976,kwyant40@digg.com,471-181-1192
146,Jacquelin,Tayspell,4,27,2001,jtayspell41@liveinternet.ru,867-186-5866
147,Leicester,Gianetti,9,32,1994,lgianetti42@1688.com,356-515-6371
148,Lucine,Abade,8,24,1987,labade43@amazon.de,903-575-6345
149,Fernandina,Throughton,15,16,1970,fthroughton44@hud.gov,329-693-1750
150,Doralyn,Berre,2,18,1979,dberre45@addtoany.com,331-256-1388
151,Edna,Corrie,7,12,1996,ecorrie46@ihg.com,591-169-1639
152,Doti,Juschka,4,20,1976,djuschka47@who.int,711-383-1333
153,Grant,Rowell,6,18,1970,growell48@cdc.gov,327-768-6345
154,Vernen,Haestier,2,19,1991,vhaestier49@forbes.com,233-598-5872
155,Quintin,Brimblecombe,5,16,1994,qbrimblecombe4a@nhs.uk,427-948-3880
156,Ardine,Manuello,15,28,2001,amanuello4b@hc360.com,165-414-0836
157,Aretha,Khilkov,3,11,1995,akhilkov4c@state.gov,107-575-2297
158,Mayne,Symondson,16,2,1995,msymondson4d@sun.com,759-937-5345
159,Dag,Kerslake,2,22,1973,dkerslake4e@canalblog.com,
160,Garvin,Pickin,17,16,1995,gpickin4f@shutterfly.com,845-771-4885
161,Alleyn,Falshaw,1,30,1985,afalshaw4g@wikispaces.com,289-854-0641
162,Laina,Stelle,8,30,1979,lstelle4h@bloglovin.com,872-932-5062
163,Emelda,Mathers,2,5,1978,emathers4i@blogger.com,219-195-6504
164,Ermanno,Sawdy,15,17,1992,esawdy4j@google.ru,
165,Susi,Semmence,3,7,1998,ssemmence4k@jigsy.com,789-818-9328
166,Sharity,Bocock,0,5,1971,sbocock4l@accuweather.com,
167,Terence,Gosz,6,11,1977,tgosz4m@wsj.com,472-899-9453
168,Ann-marie,Cramer,13,11,1986,acramer4n@craigslist.org,947-854-9237
169,Dode,Josselsohn,5,15,1994,djosselsohn4o@blogtalkradio.com,125-956-6702
170,Lemar,Whyke,13,12,1989,lwhyke4p@sfgate.com,112-306-1667
171,Susannah,Wallsworth,11,29,1994,swallsworth4q@patch.com,
172,Husein,Gommowe,14,20,1991,hgommowe4r@mapy.cz,453-926-4358
173,Ibby,Ayre,10,27,1994,iayre4s@loc.gov,407-410-9091
174,Vi,Fawlks,12,15,1994,vfawlks4t@apache.org,990-688-4638
175,Gay,Luckman,15,20,1990,gluckman4u@hp.com,391-283-8159
176,Daryl,Wasling,4,11,1969,dwasling4v@umich.edu,769-805-1399
177,Sibyl,Isitt,1,23,1998,sisitt4w@virginia.edu,210-138-6534
178,Demetria,Orpwood,2,21,1995,dorpwood4x@tinypic.com,
179,Willem,Giottini,16,17,1969,wgiottini4y@oracle.com,881-140-7945
180,Nelia,McFadyen,4,5,1983,nmcfadyen4z@exblog.jp,805-884-1949
181,Erminie,Filpo,3,20,1987,efilpo50@people.com.cn,277-775-0000
182,Sauveur,Letch,6,5,1986,sletch51@pen.io,733-934-6658
183,Anett,Girkins,14,4,1989,agirkins52@shutterfly.com,465-619-0035
184,Fifi,Raff,9,21,1979,fraff53@moonfruit.com,699-913-4232
185,Bellanca,Catcherside,11,18,1988,bcatcherside54@mozilla.com,
186,Deana,Antonetti,5,9,1996,dantonetti55@va.gov,
187,Aviva,Trainer,6,0,1992,atrainer56@globo.com,421-466-5494
188,Rosco,Doughill,16,11,1986,rdoughill57@bing.com,738-666-8018
189,Lottie,Janway,10,5,1969,ljanway58@cisco.com,520-495-6400
190,Nicolis,Proby,13,26,1996,nproby59@vinaora.com,948-380-3581
191,Dinah,Yuryaev,14,28,1984,dyuryaev5a@yale.edu,937-218-0134
192,Sofie,Glason,7,19,1971,sglason5b@accuweather.com,765-665-1084
193,Justin,Kiddie,14,8,1989,jkiddie5c@google.fr,864-231-8731
194,Mata,Strank,8,4,1971,mstrank5d@businesswire.com,897-356-1045
195,Lindsay,Sieve,12,25,2002,lsieve5e@nsw.gov.au,396-113-9675
196,Lucilia,Skermer,14,6,1969,lskermer5f@skyrock.com,133-415-1951
197,Giovanna,Derl,9,6,1981,gderl5g@51.la,345-827-1017
198,Sydney,Liebermann,4,8,1984,sliebermann5h@yellowbook.com,103-438-4986
199,Miranda,Simo,9,31,1974,msimo5i@liveinternet.ru,187-987-1974
200,Flora,Nestle,13,6,1978,fnestle5j@harvard.edu,515-917-1219
201,Sybyl,Tanman,13,11,1987,stanman5k@google.com.br,196-749-9891
202,Langsdon,Andriesse,6,21,1984,landriesse5l@canalblog.com,598-699-5740
203,Kori,Dast,9,2,1983,kdast5m@redcross.org,407-743-8772
204,Gibb,Doget,15,28,2002,gdoget5n@nytimes.com,644-731-6442
205,Gennifer,Devany,12,22,1980,gdevany5o@multiply.com,443-669-1368
206,Claudie,Orman,11,9,1980,corman5p@mysql.com,913-139-0186
207,Kelsi,Louden,5,11,1969,klouden5q@guardian.co.uk,
208,Inness,Clewley,17,16,1984,iclewley5r@dion.ne.jp,941-176-0028
209,Vail,Grumbridge,12,29,1991,vgrumbridge5s@gizmodo.com,858-901-9755
210,Julianne,Cosgrove,8,17,1995,jcosgrove5t@chronoengine.com,
211,Athene,Meeland,16,22,1977,ameeland5u@bravesites.com,718-769-4840
212,Hayes,Bridgstock,16,15,1976,hbridgstock5v@trellian.com,167-901-8151
213,Olly,Aubery,2,9,1977,oaubery5w@woothemes.com,166-187-2700
214,Hillard,Balthasar,9,15,1999,hbalthasar5x@indiatimes.com,147-560-1586
215,Carlo,Matula,16,16,1983,cmatula5y@biblegateway.com,782-742-7608
216,Forster,Brimicombe,12,24,1989,fbrimicombe5z@soundcloud.com,708-214-8458
217,Andria,Ridgley,13,1,1992,aridgley60@deliciousdays.com,531-334-3643
218,Codee,Colombier,17,22,1981,ccolombier61@house.gov,713-471-7804
219,Archibald,Sill,2,24,1995,asill62@google.it,429-853-5716
220,Elfrieda,Baroche,11,32,1977,ebaroche63@youku.com,632-285-5803
221,Sophi,Effaunt,15,32,1978,seffaunt64@admin.ch,465-579-1141
222,Joyan,Lanyon,10,24,1996,jlanyon65@tinypic.com,934-326-5854
223,Bekki,Drake,2,8,1978,bdrake66@prlog.org,655-766-8538
224,Glyn,Sawfoot,15,27,1977,gsawfoot67@deviantart.com,132-977-5360
225,Margaretha,Beazleigh,12,15,1978,mbeazleigh68@wsj.com,559-138-2302
226,Jamison,Brundale,15,12,1972,jbrundale69@digg.com,653-316-7692
227,Stoddard,Skamell,6,1,1977,sskamell6a@spiegel.de,332-586-7535
228,Cristina,Guerrier,1,5,1997,cguerrier6b@seattletimes.com,147-800-4468
229,Ardra,Nevett,7,15,1985,anevett6c@theatlantic.com,201-745-4929
230,Jennilee,Barwise,1,0,1970,jbarwise6d@icq.com,415-813-8702
231,Carita,Audiss,11,6,1988,caudiss6e@soup.io,
232,Chiarra,Fonteyne,9,20,1988,cfonteyne6f@gmpg.org,122-982-0850
233,Cyndy,Kenward,8,31,1996,ckenward6g@ifeng.com,867-161-2178
234,Aube,Yurchishin,7,5,1999,ayurchishin6h@eepurl.com,365-455-9757
235,Adda,Duplan,1,7,1982,aduplan6i@xinhuanet.com,255-469-3188
236,Annissa,Poston,16,29,1977,aposton6j@google.com.hk,
237,Costanza,Janaway,12,30,1974,cjanaway6k@upenn.edu,788-341-3042
238,Diego,Plitz,6,23,1997,dplitz6l@tmall.com,
239,Lalo,Antonich,1,27,1980,lantonich6m@multiply.com,438-201-2436
240,Frants,Speedy,10,13,1976,fspeedy6n@geocities.com,451-827-0206
241,Farlay,Martyns,7,28,1983,fmartyns6o@usda.gov,841-345-3532
242,Perceval,Brosi,9,7,1973,pbrosi6p@go.com,179-217-0174
243,Trumaine,Andri,14,22,1994,tandri6q@wp.com,536-460-0270
244,Anson,Guarin,13,11,1991,aguarin6r@cbc.ca,616-506-9733
245,Twyla,Lethieulier,11,3,1969,tlethieulier6s@marketwatch.com,439-980-4063
246,Correna,Ochiltree,9,16,1973,cochiltree6t@fc2.com,375-353-2602
247,Hillel,Wookey,14,6,1973,hwookey6u@oaic.gov.au,424-789-3954
248,Farris,Witcombe,15,7,1974,fwitcombe6v@msn.com,540-393-9288
249,Graham,Milsted,6,31,1973,gmilsted6w@desdev.cn,812-623-4705
250,Zaneta,Raitie,11,27,1983,zraitie6x@printfriendly.com,312-142-2499
251,Kristine,Tick,15,5,1979,ktick6y@wordpress.org,947-482-1553
252,Mordecai,Timpany,6,24,2001,mtimpany6z@cnn.com,931-410-1099
253,Shepperd,Dalwood,4,31,1969,sdalwood70@home.pl,936-694-7174
254,Moyna,Krelle,3,29,1994,mkrelle71@ftc.gov,487-602-0703
255,Farley,Pabst,12,7,1994,fpabst72@yale.edu,729-416-1506
256,Kelsey,Koppen,17,11,1975,kkoppen73@google.it,247-360-7375
257,Saidee,Burril,1,19,1989,sburril74@loc.gov,992-377-4866
258,Nichole,Vouls,9,24,1986,nvouls75@jimdo.com,337-354-9755
259,Gennie,Caldecot,11,30,1969,gcaldecot76@prlog.org,167-635-5680
260,Darill,L'Archer,16,32,1990,dlarcher77@gov.uk,688-186-2179
261,Tedd,Bartolomeotti,6,30,2000,tbartolomeotti78@ucoz.com,948-105-3843
262,Ellynn,Brettor,15,21,1971,ebrettor79@adobe.com,808-181-0844
263,Lorene,Labba,1,12,1998,llabba7a@ed.gov,278-872-5965
264,Amos,Goforth,14,7,1998,agoforth7b@wp.com,712-141-8542
265,Brook,McTeer,8,31,2002,bmcteer7c@pbs.org,923-541-4916
266,Ethelyn,Turmall,3,2,1998,eturmall7d@google.co.uk,187-847-1523
267,Scott,Claasen,13,6,1981,sclaasen7e@cargocollective.com,925-339-6509
268,Ludwig,Pattesall,2,32,2001,lpattesall7f@miitbeian.gov.cn,219-401-6255
269,Konstance,Bantham,10,15,1992,kbantham7g@whitehouse.gov,365-844-4754
270,Hakim,Parfitt,10,27,1977,hparfitt7h@g.co,442-810-4926
271,Laurel,Bover,9,9,1994,lbover7i@github.com,329-148-5304
272,Letta,Fishpond,9,32,1997,lfishpond7j@canalblog.com,369-707-2783
273,Mikaela,Lamplough,2,27,1989,mlamplough7k@seesaa.net,479-410-0251
274,Jacklyn,Omrod,17,14,1971,jomrod7l@toplist.cz,826-252-3932
275,Shermy,Downgate,3,13,1983,sdowngate7m@addthis.com,765-473-6578
276,Algernon,McKeag,6,12,1991,amckeag7n@nyu.edu,546-159-8823
277,Royall,Castiblanco,3,28,1970,rcastiblanco7o@ning.com,236-234-5758
278,Grayce,Absolem,2,14,1996,gabsolem7p@aol.com,217-674-5551
279,Cathlene,Kneesha,3,10,1986,ckneesha7q@tripadvisor.com,
280,Margeaux,Hedman,17,26,1969,mhedman7r@google.ru,600-913-2328
281,Yuma,Skottle,6,28,1969,yskottle7s@spotify.com,563-695-9124
282,Marget,Deuss,0,31,1993,mdeuss7t@e-recht24.de,170-139-8214
283,Sharline,Mohammad,2,22,1978,smohammad7u@cdbaby.com,118-652-3897
284,Sawyere,Matussov,17,20,1985,smatussov7v@columbia.edu,230-337-3396
285,Bradley,Atwel,1,1,1983,batwel7w@weather.com,
286,Llewellyn,Shingfield,12,27,1983,lshingfield7x@mac.com,912-698-3736
287,Selma,Tilbrook,6,10,1995,stilbrook7y@senate.gov,281-770-2027
288,Si,Ovell,6,31,2000,sovell7z@constantcontact.com,231-487-1418
289,Catherine,Clampin,1,8,1983,cclampin80@sun.com,985-732-7064
290,Oates,Beeby,10,10,2000,obeeby81@hatena.ne.jp,579-510-9062
291,Sylvan,Parnall,11,0,1977,sparnall82@usatoday.com,819-553-4604
292,Grier,Plane,11,11,2000,gplane83@so-net.ne.jp,242-114-4902
293,Grantham,Compson,9,12,1972,gcompson84@smh.com.au,318-312-1266
294,Louise,Richardeau,1,13,1993,lrichardeau85@washingtonpost.com,215-923-7387
295,Jaimie,Poetz,5,0,1998,jpoetz86@thetimes.co.uk,159-202-3078
296,Mickey,Swiffan,15,11,2000,mswiffan87@furl.net,434-791-5478
297,Claire,Cajkler,7,6,1985,ccajkler88@wufoo.com,563-672-2570
298,Tracey,Ambroz,15,23,1985,tambroz89@google.ca,534-744-4404
299,Caria,Bellord,4,28,1985,cbellord8a@blogspot.com,596-694-9559
300,Evangelina,Sherebrook,13,24,1985,esherebrook8b@example.com,108-829-8860
301,Granville,Curedale,5,11,1984,gcuredale8c@twitpic.com,704-491-1253
302,Alexio,Worthy,17,28,1974,aworthy8d@ucla.edu,274-224-5994
303,Shepperd,Stinchcombe,9,29,1974,sstinchcombe8e@fda.gov,
304,Dwayne,Betancourt,0,14,1974,dbetancourt8f@nyu.edu,323-421-2395
305,Ofella,Watkins,10,27,1976,owatkins8g@constantcontact.com,675-251-4168
306,Laurianne,Defrain,9,10,1995,ldefrain8h@mit.edu,874-580-9666
307,Donielle,Zannotelli,4,18,2002,dzannotelli8i@mit.edu,721-451-5840
308,Rupert,Silliman,3,4,1986,rsilliman8j@deviantart.com,107-860-7873
309,Abrahan,Pinney,16,25,1992,apinney8k@mapquest.com,812-914-5354
310,Peria,Darnbrough,3,32,1993,pdarnbrough8l@cbslocal.com,275-479-3747
311,Odilia,Krojn,12,13,1975,okrojn8m@networksolutions.com,576-980-3032
312,Jo-anne,Capron,6,21,1978,jcapron8n@newsvine.com,750-773-6661
313,Farr,Guierre,13,18,1979,fguierre8o@zdnet.com,918-996-8024
314,Kala,Thamelt,5,25,1977,kthamelt8p@infoseek.co.jp,938-141-0697
315,Tadeo,Thurlborn,14,32,1985,tthurlborn8q@newsvine.com,997-153-9628
316,Gardie,Mannion,12,18,2000,gmannion8r@pagesperso-orange.fr,320-189-3747
317,Zaneta,Saulter,7,7,1995,zsaulter8s@joomla.org,
318,Sherline,Kamen,2,21,1988,skamen8t@theglobeandmail.com,364-781-4936
319,Henrietta,Anand,14,13,1985,hanand8u@arstechnica.com,466-738-3101
320,Raff,Meatcher,12,29,2000,rmeatcher8v@tiny.cc,249-756-4845
321,Regan,Regenhardt,5,25,1992,rregenhardt8w@narod.ru,247-408-0362
322,Shell,Bozier,9,9,1984,sbozier8x@discuz.net,817-149-9416
323,Vonnie,Sinnie,4,20,2001,vsinnie8y@google.co.jp,151-647-6618
324,Cari,Benardet,1,23,1981,cbenardet8z@tiny.cc,390-835-3381
325,Dora,Santhouse,8,13,1979,dsanthouse90@ed.gov,
326,Derrik,Hasluck,17,15,1982,dhasluck91@webmd.com,615-880-8686
327,Urbanus,Pybworth,4,30,1999,upybworth92@i2i.jp,771-833-5245
328,Kristine,Arthars,17,16,1981,karthars93@biglobe.ne.jp,806-237-5273
329,Grover,Hollyer,8,18,1972,ghollyer94@mapy.cz,361-676-4405
330,Mignon,Goodley,8,16,1995,mgoodley95@oakley.com,804-605-6818
331,Malva,Antowski,15,12,1982,mantowski96@facebook.com,320-533-3541
332,Ruprecht,Critzen,2,7,1975,rcritzen97@unblog.fr,
333,Granville,Dainty,17,10,1988,gdainty98@hc360.com,539-663-7528
334,Solomon,Bauman,2,15,1992,sbauman99@irs.gov,979-292-2179
335,Gale,Setter,9,21,1982,gsetter9a@bluehost.com,750-386-4058
336,Jemmie,Gerram,12,23,1990,jgerram9b@tamu.edu,301-134-8825
337,Junia,Ffoulkes,9,2,1983,jffoulkes9c@eventbrite.com,
338,Krissie,Abramino,15,23,1977,kabramino9d@symantec.com,986-594-1085
339,Rosene,Guitte,8,6,1989,rguitte9e@seattletimes.com,493-384-6724
340,Harrison,MacFadzean,15,3,2001,hmacfadzean9f@wikispaces.com,
341,Cleo,Durbyn,17,5,1991,cdurbyn9g@ask.com,566-265-8954
342,Hilarius,Niece,8,3,1983,hniece9h@reference.com,154-484-4382
343,Nani,Jancey,5,28,1980,njancey9i@newyorker.com,933-777-8217
344,Whittaker,Damsell,13,18,2000,wdamsell9j@sun.com,749-173-2587
345,Willamina,Filochov,10,32,1989,wfilochov9k@unicef.org,866-884-7006
346,Dukie,O' Molan,14,8,1971,domolan9l@hubpages.com,818-751-0409
347,Stephana,Karmel,9,1,2000,skarmel9m@parallels.com,108-646-2617
348,Quill,Aumerle,17,7,1974,qaumerle9n@amazon.co.uk,691-457-4056
349,Shelby,Nineham,13,5,1989,snineham9o@aboutads.info,486-672-5319
350,Willabella,Fishlock,6,16,1982,wfishlock9p@paypal.com,414-126-6866
351,Tobin,Lamball,7,9,1973,tlamball9q@admin.ch,442-268-2852
352,Philis,Fusedale,4,15,1990,pfusedale9r@ameblo.jp,482-252-2226
353,Daisy,Oxlade,17,21,1995,doxlade9s@discuz.net,483-949-4217
354,Thorsten,Borman,15,5,1995,tborman9t@usatoday.com,550-753-1073
355,Silvan,Himpson,3,18,1997,shimpson9u@webnode.com,674-827-9586
356,Goober,Bischoff,5,28,1975,gbischoff9v@hostgator.com,957-775-4039
357,Donny,Exroll,2,26,1973,dexroll9w@cnbc.com,396-374-0921
358,Vikky,MacKeig,6,32,1982,vmackeig9x@cbc.ca,431-856-1413
359,Anderson,Thacke,7,0,2000,athacke9y@1688.com,580-619-1763
360,Rolf,Lagden,3,18,1974,rlagden9z@tripadvisor.com,962-899-0065
361,Flore,Hitzmann,16,0,1971,fhitzmanna0@omniture.com,803-628-6662
362,Ram,England,3,12,1977,renglanda1@usgs.gov,561-457-2133
363,Lawton,Batts,5,6,1996,lbattsa2@earthlink.net,469-523-9651
364,Jemie,Brislawn,12,0,1993,jbrislawna3@wikia.com,766-869-8114
365,Regina,Eminson,5,0,2000,reminsona4@1und1.de,696-421-9029
366,Quint,Painten,11,15,1973,qpaintena5@shop-pro.jp,401-957-4812
367,Marge,Parvin,5,4,1970,mparvina6@sbwire.com,775-310-6304
368,Coralie,Hadlington,1,20,1970,chadlingtona7@google.it,416-288-2906
369,Eddy,Dimmne,6,8,1979,edimmnea8@hhs.gov,157-187-2974
370,Dukey,Charleston,8,7,1986,dcharlestona9@comcast.net,323-335-2003
371,Caprice,Ostridge,8,30,1973,costridgeaa@china.com.cn,412-150-5866
372,Cathie,Aubery,5,15,1997,cauberyab@engadget.com,536-665-0666
373,Ludovika,Kopisch,11,10,1975,lkopischac@example.com,389-347-3260
374,Rosie,Southan,2,12,1997,rsouthanad@reverbnation.com,
375,Harmony,Auckland,4,23,1979,haucklandae@youtube.com,529-300-4599
376,Mabelle,MacPeake,9,22,1979,mmacpeakeaf@blogger.com,723-282-6874
377,Thibaud,Rotge,6,18,1993,trotgeag@mashable.com,690-794-1123
378,Florry,Haibel,16,22,1983,fhaibelah@printfriendly.com,787-107-3237
379,Janith,Goggin,8,15,1989,jgogginai@myspace.com,485-430-7391
380,Humphrey,Vittle,14,11,1979,hvittleaj@360.cn,556-108-1406
381,Alysia,Digginson,6,7,1992,adigginsonak@toplist.cz,352-752-4614
382,Frasier,Bartolommeo,11,13,1999,fbartolommeoal@naver.com,241-968-7321
383,Carlene,Scathard,12,9,2002,cscathardam@oracle.com,629-595-5519
384,Ilyssa,Fildery,0,3,1979,ifilderyan@sohu.com,804-110-7589
385,Maximilian,Mouncey,12,14,1986,mmounceyao@dedecms.com,273-812-3659
386,Natale,Lepere,6,21,2000,nlepereap@independent.co.uk,162-920-7741
387,Arie,MacCaughan,0,26,1986,amaccaughanaq@angelfire.com,826-851-0019
388,Wynn,Davidofski,1,16,1974,wdavidofskiar@unesco.org,544-710-1516
389,Uriel,Eleshenar,7,13,1972,ueleshenaras@technorati.com,822-670-9774
390,Corney,Parkhouse,17,15,2002,cparkhouseat@economist.com,220-144-7226
391,Hammad,Giorgione,8,15,1980,hgiorgioneau@drupal.org,100-298-6027
392,Nanci,Hedge,17,20,1973,nhedgeav@netlog.com,215-839-6109
393,Catha,Vanyashin,2,22,1974,cvanyashinaw@usgs.gov,169-255-8036
394,Brice,Tremellan,17,5,1978,btremellanax@flickr.com,359-567-0728
395,Junia,Trenoweth,7,25,2001,jtrenowethay@fastcompany.com,825-207-3854
396,Cariotta,Basden,0,32,1996,cbasdenaz@pcworld.com,562-788-1181
397,Chanda,Duesbury,8,16,1995,cduesburyb0@tamu.edu,
398,Gabbie,Brandrick,0,7,1973,gbrandrickb1@pen.io,101-244-4237
399,Vivien,Wane,12,6,1971,vwaneb2@vinaora.com,961-656-2686
400,Hendrik,Prall,0,32,1994,hprallb3@trellian.com,922-897-3059
401,Fanchon,Dominik,2,23,1994,fdominikb4@csmonitor.com,707-669-0372
402,Farlie,McKelloch,14,20,1969,fmckellochb5@bloglovin.com,757-814-9646
403,Ludovika,de Nore,11,8,1988,ldenoreb6@vinaora.com,816-386-2983
404,Daphene,Witson,13,11,1982,dwitsonb7@oaic.gov.au,349-785-8740
405,Marie-ann,Durward,0,4,1984,mdurwardb8@exblog.jp,981-924-3821
406,Sydelle,Panks,11,15,1982,spanksb9@nbcnews.com,453-431-4851
407,Maurine,Wandrack,0,25,1973,mwandrackba@g.co,688-564-4953
408,Shayne,O'Kane,3,30,1970,sokanebb@npr.org,539-921-3484
409,Gaspard,Querrard,17,21,1987,gquerrardbc@sitemeter.com,878-529-3109
410,Durand,Hinkes,2,6,1986,dhinkesbd@mashable.com,676-316-0260
411,Viva,Earthfield,8,32,1983,vearthfieldbe@yellowbook.com,148-839-9561
412,Cal,Downgate,10,3,1984,cdowngatebf@wunderground.com,336-456-9371
413,Carlene,Renton,16,20,1983,crentonbg@surveymonkey.com,848-981-8588
414,Hunt,Sander,12,11,2001,hsanderbh@cargocollective.com,838-712-7753
415,Michel,Cullinan,16,8,1996,mcullinanbi@si.edu,553-300-5125
416,Cammy,Dessaur,8,2,1995,cdessaurbj@un.org,496-429-1763
417,Benoite,Snartt,15,23,1977,bsnarttbk@yahoo.com,579-954-0433
418,Putnem,Boffin,16,28,1998,pboffinbl@ed.gov,154-399-7414
419,Talbot,Geraldez,10,25,1982,tgeraldezbm@ucsd.edu,695-754-2578
420,Johna,Menlow,5,32,2002,jmenlowbn@google.co.jp,741-362-7775
421,Karolina,Hamil,13,31,1977,khamilbo@google.fr,621-975-1287
422,Clemente,Bariball,13,13,1984,cbariballbp@amazon.co.uk,688-711-2776
423,Austina,Floyd,4,13,1973,afloydbq@cpanel.net,969-204-5749
424,Rose,Verheyden,4,15,1981,rverheydenbr@gov.uk,895-765-7677
425,Garnet,Kingwell,2,29,1989,gkingwellbs@bigcartel.com,467-829-7836
426,Sophi,Denington,14,29,1996,sdeningtonbt@pbs.org,118-711-9953
427,Leeland,Burrus,4,10,1981,lburrusbu@opensource.org,444-360-5567
428,Nicol,Bryden,11,15,1990,nbrydenbv@tamu.edu,914-952-0652
429,Pammi,Starkie,1,11,2000,pstarkiebw@list-manage.com,746-334-2024
430,Melita,Lawfull,7,4,1979,mlawfullbx@google.ru,730-941-4157
431,Whit,Feavyour,7,31,1997,wfeavyourby@hostgator.com,871-705-2545
432,Michal,Stolz,14,20,1981,mstolzbz@dyndns.org,126-544-0746
433,Hilliary,Mara,5,20,1980,hmarac0@shareasale.com,221-105-5631
434,Tamas,Nann,14,20,1969,tnannc1@amazon.com,649-235-0230
435,Jeff,Raund,10,27,1995,jraundc2@163.com,423-328-4276
436,Grata,Epinay,10,23,1989,gepinayc3@ebay.co.uk,183-424-9055
437,Gae,Dayton,9,31,1990,gdaytonc4@msn.com,972-701-0833
438,Madonna,Gilpillan,11,15,1998,mgilpillanc5@theatlantic.com,114-895-0031
439,Norina,Bousler,13,25,1986,nbouslerc6@zimbio.com,651-194-1081
440,Cornela,Lucas,15,6,1992,clucasc7@eventbrite.com,303-897-3705
441,Charlean,Coulter,16,3,1971,ccoulterc8@google.com.br,963-543-1333
442,Holly,McSaul,13,21,1982,hmcsaulc9@springer.com,565-853-9344
443,Kare,Grass,0,5,1996,kgrassca@jimdo.com,587-770-0331
444,Zulema,Fero,10,28,1971,zferocb@examiner.com,107-675-8666
445,Ellis,Buer,13,23,1979,ebuercc@dailymail.co.uk,910-622-8840
446,Barbie,Domenicone,14,22,1976,bdomeniconecd@yahoo.co.jp,185-563-5616
447,Mellie,Pifford,13,4,2001,mpiffordce@bloglovin.com,662-768-5807
448,Dillie,Bartoszewicz,17,19,1973,dbartoszewiczcf@mozilla.org,
449,Frederique,Lille,2,15,1988,flillecg@dagondesign.com,665-165-8837
450,Ricki,Billinge,6,18,1969,rbillingech@homestead.com,436-977-1049
451,Donia,Hemphrey,17,10,1970,dhemphreyci@newyorker.com,621-751-2198
452,Virgina,Hovell,11,3,1979,vhovellcj@nationalgeographic.com,636-875-5697
453,Demetrius,Firbanks,12,29,1970,dfirbanksck@dropbox.com,787-790-0535
454,Oralee,Howick,6,19,1983,ohowickcl@rambler.ru,899-416-1182
455,Albertine,Bartelot,15,12,1973,abartelotcm@dell.com,439-975-8494
456,Clementia,Nelsey,12,16,1980,cnelseycn@theatlantic.com,304-633-7433
457,Allie,Cabbell,6,10,1977,acabbellco@engadget.com,377-739-2059
458,Caleb,Croser,17,21,1978,ccrosercp@mlb.com,653-984-8111
459,Kirby,Goreisr,8,29,1998,kgoreisrcq@discovery.com,336-769-6728
460,Isaak,Bonar,11,12,1969,ibonarcr@infoseek.co.jp,956-220-9923
461,Anette,Chitter,13,7,1990,achittercs@domainmarket.com,209-625-2337
462,Sigfried,De Giorgi,17,12,1992,sdegiorgict@msu.edu,944-654-1466
463,Elyn,Bewlay,14,2,1984,ebewlaycu@gmpg.org,673-133-4842
464,Karlens,Halwell,9,24,1984,khalwellcv@tuttocitta.it,131-489-6931
465,Haily,Baudinelli,13,1,1985,hbaudinellicw@aol.com,336-903-2804
466,Janet,D'Abbot-Doyle,16,32,1986,jdabbotdoylecx@howstuffworks.com,776-153-0268
467,Haleigh,Ferrari,10,3,1990,hferraricy@hatena.ne.jp,615-640-7781
468,Edeline,Hansley,10,21,1972,ehansleycz@boston.com,585-406-7011
469,Queenie,Harmond,3,3,1969,qharmondd0@cnet.com,594-376-6106
470,Flor,Lumsdall,12,18,1977,flumsdalld1@yale.edu,430-528-6481
471,Jerri,Bezants,12,18,1980,jbezantsd2@uiuc.edu,468-433-0649
472,Prudy,Eyer,11,0,1995,peyerd3@uol.com.br,318-251-3053
473,Kristopher,Marquet,13,4,2001,kmarquetd4@tmall.com,974-201-2203
474,Annalee,Bampkin,3,2,1999,abampkind5@berkeley.edu,370-420-0590
475,Grace,Shillabear,0,6,1991,gshillabeard6@aol.com,593-672-4808
476,Tessie,Grishankov,13,22,1972,tgrishankovd7@slashdot.org,
477,Elene,Poag,2,18,1991,epoagd8@deliciousdays.com,317-664-1153
478,Astrix,Romanet,7,18,1999,aromanetd9@squidoo.com,599-412-8127
479,Lettie,Brunstan,12,15,1979,lbrunstanda@bandcamp.com,885-164-6569
480,Garth,Aronsohn,11,14,1997,garonsohndb@discovery.com,390-475-4610
481,Marya,Mattingley,15,11,1992,mmattingleydc@latimes.com,191-606-0740
482,Antin,Astill,0,11,2002,aastilldd@sourceforge.net,965-450-4861
483,Florence,Heinlein,13,12,1971,fheinleinde@virginia.edu,317-817-7431
484,Josey,Casella,5,30,2000,jcaselladf@about.com,390-147-5555
485,Talya,Netti,15,28,1970,tnettidg@reference.com,336-921-1481
486,Catlaina,Strainge,9,26,1992,cstraingedh@army.mil,654-382-3662
487,Joline,Legerton,0,1,1977,jlegertondi@list-manage.com,339-168-8207
488,Rosemaria,Aronowicz,5,15,2002,raronowiczdj@ca.gov,461-760-6574
489,Lisetta,Tomkinson,12,15,1981,ltomkinsondk@disqus.com,938-221-0188
490,Lorianne,Chadwick,15,2,1980,lchadwickdl@360.cn,295-412-3562
491,Valerye,Molesworth,16,12,2000,vmolesworthdm@seesaa.net,127-858-9139
492,Lara,Kobelt,15,2,1979,lkobeltdn@youku.com,475-431-5204
493,Carlynne,Stollberg,17,0,1981,cstollbergdo@umich.edu,
494,Patrice,Kellock,14,9,1971,pkellockdp@chron.com,754-678-3495
495,Georgeanna,Purdom,16,13,1978,gpurdomdq@free.fr,667-648-3442
496,Valencia,Pilgram,16,31,1997,vpilgramdr@clickbank.net,999-827-1455
497,Hilliard,Sebastian,10,26,1990,hsebastiands@examiner.com,241-218-1066
498,Marice,Wilprecht,3,28,1994,mwilprechtdt@quantcast.com,467-919-6849
499,Dona,Tortoise,5,25,1978,dtortoisedu@ask.com,764-572-7764
500,Chickie,Clery,8,29,1974,cclerydv@tripod.com,793-873-1810
501,Jermaine,Riddiford,13,4,1972,jriddiforddw@privacy.gov.au,197-508-3111
502,Garik,Kasperski,7,19,1989,gkasperskidx@smugmug.com,751-408-7195
503,Jacki,Jeanequin,9,32,1978,jjeanequindy@addtoany.com,763-594-7084
504,Mirabella,Kiff,14,10,1974,mkiffdz@facebook.com,870-827-2455
505,Holt,Enever,14,16,1998,henevere0@gnu.org,235-229-3507
506,Agnola,Zohrer,3,24,1995,azohrere1@dot.gov,835-763-9666
507,Dasha,Snarr,6,12,1977,dsnarre2@nhs.uk,712-466-8989
508,April,Sterland,8,29,1976,asterlande3@shutterfly.com,940-988-6270
509,Ysabel,Wykey,1,31,1984,ywykeye4@marketwatch.com,768-796-1918
510,Egon,Zanetello,7,8,1990,ezanetelloe5@netscape.com,986-856-8178
511,Elysee,Libermore,14,30,1976,elibermoree6@answers.com,953-911-9913
512,Johnathan,Pavek,5,10,1999,jpaveke7@ask.com,
513,Carlin,Adcocks,3,21,1991,cadcockse8@berkeley.edu,792-860-6360
514,Gordan,Willbraham,10,6,1971,gwillbrahame9@ifeng.com,172-964-8922
515,Lon,Farmloe,15,20,1979,lfarmloeea@gnu.org,590-972-4489
516,Marylynne,Copcott,17,23,1988,mcopcotteb@archive.org,919-866-2328
517,Aurie,Jankowski,0,8,1977,ajankowskiec@flavors.me,264-370-8922
518,Tamarah,Desson,0,15,1980,tdessoned@twitpic.com,285-735-7040
519,Rolland,Driffe,15,16,1971,rdriffeee@engadget.com,492-991-2348
520,Trix,Hamelyn,9,18,1993,thamelynef@canalblog.com,206-410-3756
521,Elnore,Speariett,17,28,1973,espearietteg@dyndns.org,545-841-8900
522,Giulio,Clohisey,12,2,2000,gclohiseyeh@marriott.com,411-465-5929
523,Prentiss,Gollop,4,15,1977,pgollopei@va.gov,996-796-1470
524,Jordan,Dabbs,12,8,1974,jdabbsej@whitehouse.gov,606-290-2172
525,Blondie,Bernadon,0,23,1973,bbernadonek@spiegel.de,430-551-8105
526,Giulio,O'Donovan,10,0,1989,godonovanel@hubpages.com,767-174-4283
527,Arluene,Kieran,8,25,1984,akieranem@typepad.com,519-794-5378
528,Kaylil,Golley,6,4,1980,kgolleyen@apple.com,483-310-2853
529,Timothy,Woolard,9,8,1983,twoolardeo@ask.com,404-483-5792
530,Susy,Binny,13,2,1974,sbinnyep@blogs.com,506-622-0418
531,Brandea,McGiffin,16,11,1975,bmcgiffineq@amazon.co.jp,501-900-8360
532,Nester,Pendlington,13,21,2002,npendlingtoner@buzzfeed.com,201-858-3543
533,Janeczka,Ranscome,9,5,1995,jranscomees@hc360.com,275-105-9497
534,Madel,Clayworth,15,22,1969,mclayworthet@bbb.org,559-397-5830
535,Marylinda,Whichelow,14,5,1991,mwhicheloweu@networksolutions.com,192-149-5916
536,Mae,Peeke-Vout,4,27,1998,mpeekevoutev@1und1.de,
537,Bradney,West-Frimley,11,20,1993,bwestfrimleyew@timesonline.co.uk,564-682-2869
538,Herby,Ingall,10,3,1980,hingallex@youtu.be,661-920-5278
539,Karine,Broggini,6,8,1969,kbrogginiey@mlb.com,718-422-1884
540,Dorian,Franzewitch,6,8,1977,dfranzewitchez@bigcartel.com,896-354-5079
541,Goldi,Huzzay,5,31,1992,ghuzzayf0@vistaprint.com,964-721-6760
542,Garrott,Petto,0,25,1984,gpettof1@google.co.jp,440-483-7560
543,Kathlin,Graine,11,25,1974,kgrainef2@purevolume.com,177-195-7987
544,Julie,Cashin,16,15,1976,jcashinf3@studiopress.com,797-939-8292
545,Fidela,Fitzroy,2,13,2002,ffitzroyf4@symantec.com,571-451-9842
546,Hilary,Michelet,12,30,1969,hmicheletf5@google.it,511-179-3761
547,Elianore,Trudgian,12,14,1969,etrudgianf6@biglobe.ne.jp,972-986-7164
548,Kevon,De Roeck,16,32,1991,kderoeckf7@chron.com,532-883-5542
549,Aksel,McCrystal,5,9,1999,amccrystalf8@reference.com,782-718-6559
550,Novelia,Peedell,12,6,1977,npeedellf9@yellowpages.com,782-618-3568
551,Woodie,Eassom,16,29,1970,weassomfa@comsenz.com,654-893-5933
552,Barnabas,Munsey,15,32,1979,bmunseyfb@360.cn,703-867-0940
553,Adeline,Wale,6,11,2001,awalefc@typepad.com,471-655-6840
554,Aaron,Summerskill,9,28,2000,asummerskillfd@meetup.com,485-350-7589
555,Easter,Paice,3,8,1989,epaicefe@privacy.gov.au,303-928-3943
556,Heather,Sydall,17,21,1999,hsydallff@wufoo.com,280-656-0045
557,Karlene,Navarre,2,3,1984,knavarrefg@mozilla.org,722-904-9498
558,Avie,Southwick,4,22,1982,asouthwickfh@seattletimes.com,640-779-5256
559,Ashley,Germann,12,13,1977,agermannfi@dmoz.org,202-365-1824
560,Gweneth,Petcher,15,13,1982,gpetcherfj@nationalgeographic.com,240-244-9837
561,Ruby,Tash,13,24,1975,rtashfk@1688.com,756-910-6287
562,Frederique,Akker,6,19,1978,fakkerfl@feedburner.com,623-741-5482
563,Idalia,Armsby,13,18,1969,iarmsbyfm@hostgator.com,192-800-8987
564,Natty,Bollini,15,9,1986,nbollinifn@state.gov,788-792-1357
565,Findley,Matteau,8,8,1977,fmatteaufo@cornell.edu,169-107-7655
566,Rodd,Vasic,8,29,1996,rvasicfp@springer.com,465-177-9498
567,Felice,Switsur,3,4,1987,fswitsurfq@nature.com,439-225-9540
568,Harmony,Lowe,11,15,1984,hlowefr@miitbeian.gov.cn,947-643-7145
569,Chad,Rumens,4,32,1993,crumensfs@hud.gov,407-461-2386
570,Levy,Gavaran,15,3,1984,lgavaranft@house.gov,290-407-0153
571,Andrea,Snelling,0,20,1976,asnellingfu@senate.gov,385-109-1251
572,Robbi,Shapiro,8,30,1973,rshapirofv@accuweather.com,
573,Carolynn,Sikora,16,21,1976,csikorafw@hao123.com,348-583-7790
574,Theda,Gaiter,9,30,1991,tgaiterfx@a8.net,110-550-9304
575,Gloriana,Nafziger,1,4,2000,gnafzigerfy@vistaprint.com,523-905-4240
576,Bernadine,Whear,6,10,1998,bwhearfz@washington.edu,697-559-9747
577,Cassey,Cowen,8,23,1971,ccoweng0@intel.com,616-376-7845
578,Eduard,Ellicombe,2,24,1989,eellicombeg1@sitemeter.com,407-614-2260
579,Florry,Kolakovic,8,31,1974,fkolakovicg2@sina.com.cn,197-928-5426
580,Tracy,Earney,6,22,1984,tearneyg3@facebook.com,222-378-7408
581,Arabella,Mottram,11,6,1999,amottramg4@redcross.org,162-644-2022
582,Lita,Armor,13,12,1973,larmorg5@unc.edu,347-626-9998
583,Margarita,Brownill,16,5,1987,mbrownillg6@pbs.org,744-485-6036
584,Skylar,Joselevitch,11,32,1989,sjoselevitchg7@census.gov,204-820-8090
585,Cassy,Darwood,1,16,1973,cdarwoodg8@behance.net,882-769-8057
586,Lelah,Ord,10,12,1991,lordg9@example.com,169-571-4880
587,Sigmund,Burris,1,3,1987,sburrisga@histats.com,287-530-2678
588,Nobe,Long,4,28,2000,nlonggb@foxnews.com,728-509-1498
589,Jewel,Kingh,17,18,1970,jkinghgc@vk.com,729-699-1548
590,Fifine,Dorrins,8,4,1974,fdorrinsgd@unc.edu,369-404-1454
591,Casey,Kettell,0,2,1998,ckettellge@ebay.com,782-629-7850
592,Ellyn,Walduck,5,31,1979,ewalduckgf@bluehost.com,370-704-7243
593,Inness,Chittie,12,3,1999,ichittiegg@spotify.com,440-703-3464
594,Atlante,Slainey,17,29,1988,aslaineygh@livejournal.com,269-187-1054
595,Sigrid,de Clerq,11,7,1988,sdeclerqgi@delicious.com,946-661-2205
596,Eadith,Wakley,5,16,1996,ewakleygj@merriam-webster.com,734-456-5574
597,Shermy,Tooting,7,12,1979,stootinggk@craigslist.org,280-452-1031
598,Chloris,Northbridge,10,17,1977,cnorthbridgegl@businessinsider.com,565-725-8901
599,Hedda,Meiklejohn,3,16,1983,hmeiklejohngm@vkontakte.ru,135-629-7052
600,Si,Eilhersen,15,12,1973,seilhersengn@ifeng.com,456-961-9318
601,Ailis,Jellard,5,3,1969,ajellardgo@bandcamp.com,173-500-8415
602,Audry,Jeffryes,8,29,1977,ajeffryesgp@prlog.org,405-911-6023
603,Ray,Todaro,4,18,1980,rtodarogq@msn.com,297-898-3764
604,Daria,De Simoni,10,7,1985,ddesimonigr@php.net,570-281-5065
605,Eleanor,Entres,2,22,2000,eentresgs@ihg.com,620-295-8097
606,Cletis,Kinnie,14,1,1988,ckinniegt@domainmarket.com,222-682-4324
607,Janeczka,Wildash,8,16,1985,jwildashgu@moonfruit.com,130-780-9074
608,Fredrika,Adlard,4,25,1972,fadlardgv@weebly.com,594-904-4501
609,Shelbi,Schleicher,17,6,1974,sschleichergw@technorati.com,724-599-5519
610,Sigismund,Zarb,9,8,1979,szarbgx@altervista.org,619-212-2463
611,Petr,Avrahamov,1,13,1992,pavrahamovgy@pinterest.com,106-766-2153
612,Ainsley,Marini,10,23,1992,amarinigz@ft.com,293-954-1840
613,Albrecht,Crookes,14,25,1983,acrookesh0@wikia.com,481-147-6591
614,Bel,Shermar,5,28,1996,bshermarh1@canalblog.com,394-198-9340
615,Susie,Exelby,17,3,1999,sexelbyh2@gizmodo.com,431-352-7026
616,Eduardo,Humpherston,10,12,2002,ehumpherstonh3@state.gov,976-125-3880
617,Cathyleen,Illidge,14,22,1984,cillidgeh4@google.com.br,710-846-8893
618,Jodi,Pascall,16,30,1983,jpascallh5@howstuffworks.com,743-121-8550
619,Angie,McGrady,0,22,1998,amcgradyh6@google.nl,442-991-5945
620,Harbert,Hurdiss,9,19,1988,hhurdissh7@wisc.edu,449-198-9902
621,Ara,Haxell,6,5,1986,ahaxellh8@yolasite.com,800-624-4414
622,Enrico,Merchant,15,5,1993,emerchanth9@globo.com,933-426-6327
623,Sanson,Hizir,15,9,1973,shizirha@dailymotion.com,224-428-2903
624,Nigel,Kembrey,4,8,1983,nkembreyhb@cloudflare.com,810-267-3092
625,Lia,Ricket,0,12,1969,lrickethc@cbslocal.com,768-553-9537
626,Brion,Oldrey,14,1,1991,boldreyhd@independent.co.uk,765-791-4068
627,Abbot,Thomasen,6,30,1969,athomasenhe@prweb.com,739-181-2968
628,Maryl,Rider,3,31,1984,mriderhf@webeden.co.uk,453-961-3244
629,Branden,Dilkes,2,1,1986,bdilkeshg@infoseek.co.jp,566-998-4761
630,Sarette,Cruft,1,0,1989,scrufthh@mlb.com,
631,Thorny,Moyce,13,13,1975,tmoycehi@tiny.cc,885-848-2108
632,Denis,Skoof,4,4,1989,dskoofhj@latimes.com,248-162-8862
633,Shepherd,Hasker,15,9,1981,shaskerhk@deliciousdays.com,607-104-3492
634,Ferne,Ayrton,16,31,1988,fayrtonhl@boston.com,558-819-0411
635,Laurette,Finley,10,9,2002,lfinleyhm@narod.ru,773-567-2756
636,Lindsay,Gillopp,16,6,1996,lgillopphn@odnoklassniki.ru,813-852-5980
637,Laurette,Yellop,11,32,1993,lyellopho@indiegogo.com,266-117-4089
638,Jenni,Jennrich,8,32,1981,jjennrichhp@dropbox.com,164-769-3531
639,Ilaire,Covely,5,19,1982,icovelyhq@linkedin.com,233-958-6300
640,Allan,Fusedale,9,21,1975,afusedalehr@yellowpages.com,819-102-4018
641,Arnuad,Leslie,15,29,1998,alesliehs@skype.com,
642,Maurene,Tante,15,31,1981,mtanteht@bluehost.com,211-244-0232
643,Brewster,Tipens,10,10,1971,btipenshu@utexas.edu,903-955-0857
644,Robin,Boullin,13,13,1983,rboullinhv@goo.ne.jp,
645,Nettle,Bennis,2,10,1995,nbennishw@blogs.com,421-303-5567
646,Alene,Blasi,16,11,1990,ablasihx@github.io,932-216-1313
647,Babette,Collocott,17,6,2002,bcollocotthy@forbes.com,306-166-0658
648,Kirsteni,Erskin,13,30,1992,kerskinhz@bandcamp.com,830-452-1883
649,Ali,Harman,9,11,1995,aharmani0@meetup.com,280-654-7032
650,Fran,Champkins,13,8,1978,fchampkinsi1@youtu.be,675-357-2781
651,Sidonia,Episcopio,11,29,1977,sepiscopioi2@state.gov,898-977-3962
652,Bobby,Beeston,2,5,1978,bbeestoni3@rakuten.co.jp,674-327-7887
653,Perice,Earie,1,4,1979,peariei4@umn.edu,941-143-0591
654,Alec,Hornig,6,10,1977,ahornigi5@privacy.gov.au,470-815-6638
655,Herve,Sowood,15,4,1989,hsowoodi6@vistaprint.com,747-484-8102
656,Merrel,Titterton,7,18,1972,mtittertoni7@ifeng.com,485-729-6372
657,Constantia,Tidcomb,9,8,1974,ctidcombi8@yahoo.co.jp,236-378-6963
658,Ode,Titchener,1,19,1983,otitcheneri9@wired.com,432-308-2220
659,Damita,Jefferys,13,28,1973,djefferysia@edublogs.org,
660,Madge,Le Breton De La Vieuville,13,3,1973,mlebretondelavieuvilleib@ovh.net,700-331-6239
661,Dannie,Kingsnode,15,2,1985,dkingsnodeic@slashdot.org,636-878-1022
662,Marlon,Mickelwright,5,21,1980,mmickelwrightid@cam.ac.uk,907-141-5970
663,Darb,Olivas,12,23,1974,dolivasie@furl.net,836-293-6450
664,Jake,Dran,7,19,1989,jdranif@soup.io,299-815-2719
665,Niven,Leadbetter,15,17,2002,nleadbetterig@sina.com.cn,813-641-6605
666,Emmalyn,Briddock,6,24,2000,ebriddockih@cloudflare.com,235-831-8653
667,Sheelah,Grunwald,0,21,1972,sgrunwaldii@themeforest.net,213-960-5186
668,Gustave,Lesurf,12,0,1990,glesurfij@bigcartel.com,107-165-3855
669,Corny,Carn,5,12,1973,ccarnik@fc2.com,198-434-2148
670,Elnar,Broz,9,12,1977,ebrozil@biglobe.ne.jp,242-387-8601
671,Lezlie,Lazer,11,19,1978,llazerim@ow.ly,702-944-1103
672,Bale,Despenser,16,28,1999,bdespenserin@exblog.jp,340-810-2724
673,Ashlan,Hanlon,3,9,1973,ahanlonio@ask.com,414-170-0839
674,Averil,Oseland,2,22,1994,aoselandip@baidu.com,502-436-5649
675,Victoria,Brendeke,0,6,1996,vbrendekeiq@fema.gov,680-325-5182
676,Marlin,Balam,4,2,1977,mbalamir@nytimes.com,394-354-1910
677,Yolane,Bresnahan,8,0,2002,ybresnahanis@senate.gov,649-211-0462
678,Fawne,Stallworth,10,25,1997,fstallworthit@marketwatch.com,568-726-0880
679,Colman,Radmer,15,20,1997,cradmeriu@google.com.hk,971-795-2302
680,Gonzalo,McAlister,3,4,1991,gmcalisteriv@squarespace.com,206-392-8197
681,Meredithe,Dommersen,10,14,1995,mdommerseniw@nsw.gov.au,481-993-3687
682,Dawn,McCay,17,11,1988,dmccayix@sakura.ne.jp,807-956-1271
683,Casey,Devote,17,14,1972,cdevoteiy@skyrock.com,876-255-0464
684,Candace,Spier,9,29,1996,cspieriz@ask.com,440-807-8945
685,Arnuad,Heal,7,7,1983,ahealj0@istockphoto.com,347-359-9403
686,Georgine,Leader,9,24,1999,gleaderj1@vk.com,
687,Risa,Haddy,10,12,1999,rhaddyj2@dyndns.org,171-239-0408
688,Ernestine,Rijkeseis,0,20,1992,erijkeseisj3@bloglovin.com,354-607-9841
689,Donnie,Battisson,8,20,1975,dbattissonj4@qq.com,747-810-3343
690,Avigdor,Dibden,13,13,1987,adibdenj5@ehow.com,809-218-6805
691,Tabby,Levett,4,25,1981,tlevettj6@nih.gov,571-338-0337
692,Artus,Reoch,0,31,1985,areochj7@printfriendly.com,684-679-2753
693,Vickie,MacGowing,10,24,1985,vmacgowingj8@youku.com,489-329-7808
694,Nobie,Huckstepp,14,6,2001,nhucksteppj9@surveymonkey.com,196-221-7972
695,Min,Humphrey,7,11,1980,mhumphreyja@163.com,526-907-5123
696,Lian,Aymer,3,16,1983,laymerjb@nih.gov,117-428-7537
697,Major,Christall,16,13,1982,mchristalljc@seattletimes.com,234-679-2882
698,Shirley,Sandhill,4,24,1987,ssandhilljd@pbs.org,682-907-8326
699,Robby,Morrallee,1,13,1994,rmorralleeje@flavors.me,
700,Germana,Domenicone,14,4,1973,gdomeniconejf@bing.com,557-599-8104
701,Monti,Vondrasek,11,21,1969,mvondrasekjg@hubpages.com,876-314-2929
702,Creigh,Twydell,2,27,1994,ctwydelljh@simplemachines.org,678-107-8055
703,Moselle,Lukacs,1,26,2000,mlukacsji@ow.ly,354-260-9517
704,Kat,McHardy,6,29,2002,kmchardyjj@narod.ru,926-945-2115
705,Felecia,Eisold,8,29,1981,feisoldjk@live.com,183-584-4463
706,Edgar,Marikhin,16,31,1972,emarikhinjl@apple.com,
707,Fan,Yeardsley,12,0,1978,fyeardsleyjm@cisco.com,297-104-4422
708,Courtney,Delyth,3,23,1986,cdelythjn@google.com.br,848-578-4276
709,Melamie,Brimblecombe,4,23,1971,mbrimblecombejo@icq.com,335-167-5234
710,Tuckie,Birchwood,1,24,2002,tbirchwoodjp@opera.com,658-931-3559
711,Elisa,Fatscher,7,3,1971,efatscherjq@about.me,114-434-9342
712,Gussy,Lemoir,1,18,1973,glemoirjr@forbes.com,794-893-0740
713,Richie,Blenkinsopp,14,8,1980,rblenkinsoppjs@g.co,809-363-1380
714,Claribel,Latey,1,19,1997,clateyjt@yellowpages.com,550-804-0016
715,Debbie,Hankins,6,5,2002,dhankinsju@storify.com,292-139-8304
716,Cal,Jeandillou,5,2,1989,cjeandilloujv@princeton.edu,954-109-2451
717,Hershel,Applegate,17,23,1969,happlegatejw@4shared.com,304-652-8418
718,Sophronia,Borit,9,30,1981,sboritjx@soup.io,266-622-5403
719,Clayborn,Hassekl,7,27,1992,chassekljy@msn.com,953-962-7451
720,Laina,Foster,7,6,1996,lfosterjz@ocn.ne.jp,141-687-6377
721,Babita,Itzkin,13,27,1987,bitzkink0@goo.gl,812-524-2755
722,Lezley,Elen,6,32,1978,lelenk1@nbcnews.com,256-404-8175
723,Rahel,Kermott,6,4,1974,rkermottk2@abc.net.au,119-598-0773
724,Davine,Zmitruk,13,5,1987,dzmitrukk3@cdbaby.com,863-965-2366
725,Jasmin,Proswell,7,15,1989,jproswellk4@jigsy.com,930-403-1809
726,Eustacia,Mussared,10,22,1977,emussaredk5@bluehost.com,472-267-8403
727,Pearl,Burgh,14,16,1992,pburghk6@reference.com,559-446-3198
728,Devinne,Elcom,4,19,1983,delcomk7@comsenz.com,412-606-6838
729,Adrianna,Duffus,6,19,1984,aduffusk8@webs.com,135-156-0069
730,Wallie,MacRinn,11,2,1976,wmacrinnk9@microsoft.com,100-508-7358
731,Jordain,Aloshikin,13,4,1977,jaloshikinka@columbia.edu,944-798-2214
732,Teddie,Dalgarnocht,17,5,1990,tdalgarnochtkb@thetimes.co.uk,233-119-5055
733,Ossie,Lethbrig,8,0,1970,olethbrigkc@myspace.com,867-741-3524
734,Otes,Gilluley,13,24,1980,ogilluleykd@zimbio.com,297-231-9128
735,Lurette,Sego,0,16,1972,lsegoke@google.ca,669-553-4401
736,Iggy,Mathewes,8,23,1993,imatheweskf@thetimes.co.uk,558-588-7442
737,Alfie,Delieu,9,5,1993,adelieukg@webmd.com,103-570-1382
738,Leta,Trimmill,2,14,1995,ltrimmillkh@yahoo.co.jp,168-437-9041
739,Nisse,Blakeney,12,27,1970,nblakeneyki@amazonaws.com,194-573-5744
740,Worth,Simmers,15,19,2002,wsimmerskj@sourceforge.net,957-822-1325
741,Skippie,Bacon,3,3,1999,sbaconkk@narod.ru,968-260-3722
742,Phillida,Putley,12,20,1994,pputleykl@usgs.gov,210-295-1393
743,Aigneis,Quelch,13,4,1990,aquelchkm@indiatimes.com,269-384-9048
744,Thatcher,Van Rembrandt,3,11,1987,tvanrembrandtkn@imgur.com,
745,Elmira,Janes,13,1,1969,ejanesko@over-blog.com,405-539-8332
746,Lynnea,Stroud,0,0,1971,lstroudkp@furl.net,639-713-6872
747,Tab,Giamo,4,3,1974,tgiamokq@guardian.co.uk,164-190-2030
748,Lynda,Jaukovic,1,20,1991,ljaukovickr@ucoz.com,805-542-1504
749,Lemmie,Lingfoot,12,32,1994,llingfootks@google.nl,831-690-4892
750,Donny,Andreucci,1,11,1985,dandreuccikt@networkadvertising.org,145-242-6090
751,Buddy,O'Reilly,15,0,1996,boreillyku@tinypic.com,464-686-5145
752,Mariska,Gleave,7,13,2001,mgleavekv@moonfruit.com,829-219-7635
753,Lorrin,Ferres,7,24,1996,lferreskw@networkadvertising.org,380-557-0971
754,Julian,Lempertz,15,6,1975,jlempertzkx@yellowbook.com,522-120-7859
755,Gabriele,Feifer,9,6,1984,gfeiferky@163.com,715-731-2789
756,Patricia,Heers,0,2,1976,pheerskz@yelp.com,
757,Katerine,Durtnal,0,27,1978,kdurtnall0@globo.com,
758,Wilhelm,Stennine,9,14,1982,wstenninel1@mit.edu,513-847-1721
759,Merrilee,Penna,8,0,1969,mpennal2@mapquest.com,297-911-6244
760,Rennie,Moncrieffe,16,15,1980,rmoncrieffel3@google.nl,573-599-5191
761,Diannne,Wanek,10,6,1991,dwanekl4@aboutads.info,
762,Pennie,Paoloni,7,30,2002,ppaolonil5@instagram.com,299-659-9381
763,Gabi,Hilland,5,5,1970,ghillandl6@time.com,851-822-9061
764,Conn,Dairton,10,7,1985,cdairtonl7@chicagotribune.com,418-105-3590
765,Ruthi,Loan,17,25,1969,rloanl8@va.gov,225-235-4654
766,Diandra,Marlen,13,15,1971,dmarlenl9@istockphoto.com,633-274-4343
767,Riccardo,McIlrath,16,28,1994,rmcilrathla@mlb.com,212-609-1996
768,Creight,McCuffie,11,16,1982,cmccuffielb@github.com,798-412-2192
769,Lydie,Faires,14,32,1969,lfaireslc@loc.gov,707-503-2980
770,Hunt,Jamme,8,27,1984,hjammeld@home.pl,289-219-1459
771,Iain,Yerrill,14,0,1994,iyerrillle@webmd.com,419-357-7957
772,Mavra,Paridge,4,17,1985,mparidgelf@pinterest.com,
773,Rosabella,Le Cornu,4,21,1984,rlecornulg@newyorker.com,357-176-5675
774,Elana,Pammenter,11,11,2001,epammenterlh@t.co,880-419-7377
775,Chrisse,Radoux,15,26,1992,cradouxli@geocities.jp,841-610-4943
776,Beniamino,Testo,17,18,1988,btestolj@nasa.gov,166-908-1715
777,Ken,Shermore,6,0,1971,kshermorelk@addthis.com,233-329-0673
778,Lynnette,Sultana,17,9,1989,lsultanall@timesonline.co.uk,537-525-9050
779,Irv,Moizer,2,16,1975,imoizerlm@moonfruit.com,755-437-8880
780,Tally,Jerdein,12,18,1983,tjerdeinln@yandex.ru,486-446-6102
781,Burnard,Eicke,12,24,1976,beickelo@techcrunch.com,374-396-2877
782,Cicily,Ramas,11,30,1983,cramaslp@addtoany.com,597-249-0104
783,Kylie,Tregaskis,9,23,2000,ktregaskislq@rediff.com,187-602-6624
784,Daffy,Eles,9,22,1973,deleslr@free.fr,785-279-2270
785,Linus,Caplin,12,17,1969,lcaplinls@mozilla.com,
786,Hoebart,De Cruce,14,6,1985,hdecrucelt@about.com,646-722-4126
787,Tess,Josef,10,7,1979,tjoseflu@ftc.gov,823-760-7601
788,Chrisse,Croke,7,24,1996,ccrokelv@hostgator.com,548-266-5134
789,Baldwin,Scardifeild,11,16,1997,bscardifeildlw@sohu.com,233-154-3008
790,Appolonia,Baskeyfield,4,31,1981,abaskeyfieldlx@github.com,189-737-2388
791,Tricia,Rosander,7,27,2001,trosanderly@csmonitor.com,444-229-8147
792,Sharla,Daunter,0,11,1996,sdaunterlz@admin.ch,348-805-2646
793,Nickie,Lyford,9,31,1981,nlyfordm0@apple.com,667-714-4300
794,Rahel,Drivers,11,13,1970,rdriversm1@mit.edu,585-401-4182
795,Maryl,Tripett,10,1,1994,mtripettm2@goo.ne.jp,529-800-8703
796,Pippa,Kerrigan,11,30,1993,pkerriganm3@jalbum.net,485-949-1449
797,Adela,Gepson,2,22,1981,agepsonm4@prlog.org,463-155-3353
798,Edythe,Fanthome,10,0,1982,efanthomem5@cnn.com,397-231-9588
799,Justino,Smitherham,2,21,1989,jsmitherhamm6@elpais.com,374-334-8653
800,Leodora,Phillip,16,18,1986,lphillipm7@narod.ru,144-755-7854
801,Romeo,Reader,12,8,1976,rreaderm8@alibaba.com,948-799-0180
802,Adelice,Blaymires,8,10,1976,ablaymiresm9@meetup.com,
803,Sydelle,Pipes,17,13,1976,spipesma@columbia.edu,527-601-2796
804,Leonora,Furnival,7,1,1979,lfurnivalmb@google.com.br,
805,Darnell,Keenlyside,17,10,1973,dkeenlysidemc@economist.com,524-221-6913
806,Minna,Casper,3,7,1969,mcaspermd@aboutads.info,596-951-7633
807,Davidde,Synan,12,13,1978,dsynanme@ucsd.edu,426-889-7315
808,Alexandro,Wedmore,16,25,1987,awedmoremf@techcrunch.com,374-787-3055
809,Phoebe,Thrift,10,27,1974,pthriftmg@free.fr,178-919-1710
810,Kikelia,Padilla,13,23,1994,kpadillamh@fotki.com,817-596-5472
811,Maiga,De Antoni,16,8,1984,mdeantonimi@europa.eu,314-660-2672
812,Dianne,Castelletto,4,27,1997,dcastellettomj@linkedin.com,860-148-6556
813,Jaclyn,Ortner,15,11,1985,jortnermk@usgs.gov,208-711-8444
814,Reagan,Greed,8,28,1974,rgreedml@scribd.com,704-403-3198
815,Paulita,Burnside,0,17,1995,pburnsidemm@com.com,
816,Sidonia,Treace,7,25,1986,streacemn@ibm.com,495-229-3413
817,Shae,Crosham,6,9,1996,scroshammo@unicef.org,760-250-2275
818,Giana,Sexton,5,4,1980,gsextonmp@blogger.com,131-694-6028
819,Emmye,Ashmole,12,13,1992,eashmolemq@nps.gov,695-759-5702
820,Burty,Liepins,13,9,1989,bliepinsmr@hud.gov,286-637-9999
821,Bobbi,Kisbey,6,7,2002,bkisbeyms@google.de,921-402-5587
822,Fred,Papa,14,0,1998,fpapamt@meetup.com,819-103-5020
823,Alvan,Phillpotts,6,5,1986,aphillpottsmu@wikimedia.org,349-304-1528
824,Vincenty,Pentecust,15,12,1986,vpentecustmv@house.gov,333-254-0119
825,Gipsy,Matyas,7,29,1984,gmatyasmw@hhs.gov,513-398-6679
826,Colette,Sustins,14,24,1974,csustinsmx@amazon.co.jp,912-672-1890
827,Oswell,Masters,9,6,1977,omastersmy@who.int,137-647-4006
828,Pat,Traill,14,12,1969,ptraillmz@qq.com,285-586-3202
829,Wiley,Persent,11,27,1976,wpersentn0@yahoo.co.jp,542-469-9464
830,Annetta,Dillintone,3,28,1976,adillintonen1@nhs.uk,548-212-7265
831,Queenie,Oldaker,6,3,1975,qoldakern2@independent.co.uk,765-994-6546
832,Alanna,Hebblewhite,15,5,1983,ahebblewhiten3@tinyurl.com,572-822-9549
833,Mychal,Donaghie,3,14,1971,mdonaghien4@fastcompany.com,727-924-6147
834,Elvyn,Soldan,15,11,1986,esoldann5@webnode.com,444-198-6635
835,Mahalia,Dabes,2,26,1996,mdabesn6@slate.com,862-991-7189
836,Elana,Mordaunt,1,29,1975,emordauntn7@livejournal.com,978-895-9876
837,Julita,Nesbeth,9,17,1997,jnesbethn8@zdnet.com,158-721-5320
838,Warner,Rohfsen,17,12,1973,wrohfsenn9@smugmug.com,299-290-0793
839,Crista,Silliman,14,5,1993,csillimanna@go.com,304-432-9352
840,Lenora,Jillions,7,26,1996,ljillionsnb@ebay.com,172-896-7700
841,Christyna,Burril,12,7,1976,cburrilnc@china.com.cn,484-572-5441
842,Theodosia,Rachuig,6,30,2000,trachuignd@flavors.me,290-371-9277
843,Reynard,Widd,3,25,1969,rwiddne@stumbleupon.com,886-632-8505
844,Alexio,Sipson,1,25,1986,asipsonnf@google.com.au,596-509-5109
845,Ferdinand,Caccavari,4,3,1988,fcaccavaring@boston.com,
846,Osbert,Chadburn,1,20,1971,ochadburnnh@163.com,632-704-7195
847,Jeanine,Pitrelli,0,29,1993,jpitrellini@amazon.com,665-232-7817
848,Tanya,Tilte,17,25,1986,ttiltenj@plala.or.jp,
849,Kare,Golson,17,19,1982,kgolsonnk@house.gov,979-994-5444
850,Sharity,Gerrit,0,7,1977,sgerritnl@engadget.com,114-527-7041
851,Francyne,Balcock,13,29,1989,fbalcocknm@si.edu,711-913-3070
852,Taddeo,Goldston,6,14,1995,tgoldstonnn@xrea.com,633-518-7082
853,Kara-lynn,Greste,6,31,1977,kgresteno@un.org,
854,Mozelle,Wheater,5,1,1982,mwheaternp@sourceforge.net,676-843-0101
855,Fayina,Reeson,4,7,1998,freesonnq@so-net.ne.jp,587-536-6997
856,Mattie,Elgie,8,23,1994,melgienr@reverbnation.com,616-675-7038
857,Selena,Willox,16,21,1976,swilloxns@cargocollective.com,206-288-1981
858,Robb,Tesh,17,13,1987,rteshnt@cbsnews.com,246-689-0878
859,Harris,Kybird,16,12,1993,hkybirdnu@wikia.com,332-415-9326
860,Eddi,Furbank,16,10,1992,efurbanknv@slashdot.org,688-659-0669
861,Anabelle,Holston,0,0,1991,aholstonnw@phoca.cz,707-199-2199
862,Shannon,Bouzan,11,16,1970,sbouzannx@bing.com,993-434-1543
863,Rochester,Deverose,12,9,1982,rdeveroseny@t.co,133-900-3924
864,Lucian,Kestin,8,25,1987,lkestinnz@mozilla.org,
865,Boycie,de Quesne,0,4,1978,bdequesneo0@list-manage.com,225-455-4180
866,Riane,Barthelet,14,10,1976,rbartheleto1@com.com,350-196-5908
867,Neill,Hambling,13,16,1997,nhamblingo2@java.com,928-255-5485
868,Fleur,Presdie,16,20,1992,fpresdieo3@wordpress.com,415-148-0162
869,Marketa,Orht,3,26,1995,morhto4@shutterfly.com,149-887-8980
870,Friedrick,Ainge,8,1,1978,faingeo5@globo.com,109-417-3879
871,Gaylor,Dowsey,2,5,1988,gdowseyo6@phoca.cz,101-812-7802
872,Mallory,Thyer,2,27,1993,mthyero7@google.it,851-889-4705
873,Haze,Abrahamoff,9,16,1982,habrahamoffo8@com.com,620-738-3320
874,Roland,McKenna,17,7,1990,rmckennao9@google.com.au,988-254-6576
875,Averell,Toun,17,13,1991,atounoa@typepad.com,770-544-2360
876,Jo,Franchi,1,22,1986,jfranchiob@liveinternet.ru,330-584-2306
877,Edgar,Starling,0,31,1978,estarlingoc@slideshare.net,893-488-4041
878,Bayard,Lumsdale,7,14,1972,blumsdaleod@icq.com,880-367-4922
879,My,Burgh,5,30,2002,mburghoe@chicagotribune.com,822-644-1480
880,Fanchon,Stinson,11,16,1996,fstinsonof@tuttocitta.it,457-613-2942
881,Vinita,Woan,11,3,1986,vwoanog@123-reg.co.uk,541-550-3216
882,Zared,Mathon,8,7,1970,zmathonoh@usgs.gov,274-294-0162
883,Mickie,Ranns,9,10,1982,mrannsoi@mail.ru,100-769-4137
884,Ayn,Congreve,1,3,1984,acongreveoj@goodreads.com,496-903-2632
885,Elvin,Menier,2,22,1973,emenierok@dailymail.co.uk,887-298-4028
886,Sheri,Mille,14,1,1997,smilleol@msn.com,492-784-0123
887,Jermayne,Flores,0,25,1992,jfloresom@google.com,129-341-6503
888,Gerianna,Finlay,8,13,2001,gfinlayon@shareasale.com,120-911-8718
889,Nancy,Fayerbrother,11,23,1987,nfayerbrotheroo@samsung.com,791-135-7226
890,Lulu,Leger,5,19,1969,llegerop@newsvine.com,805-467-8996
891,Duane,Allardyce,11,10,1978,dallardyceoq@163.com,200-973-4577
892,Othelia,Buttel,8,25,1993,obuttelor@aboutads.info,759-640-8671
893,Welsh,Raincin,10,13,1977,wraincinos@goo.ne.jp,631-788-3874
894,Celeste,Gregine,1,24,1988,cgregineot@com.com,910-542-1742
895,Hercule,Pimblott,2,26,1973,hpimblottou@arstechnica.com,474-286-1840
896,Kameko,Troup,5,2,1982,ktroupov@delicious.com,792-846-8680
897,Romy,Bedin,17,15,1971,rbedinow@cdc.gov,366-981-1025
898,Nananne,Zanitti,13,26,1974,nzanittiox@icq.com,157-897-4115
899,Tiffie,McEllen,1,18,1991,tmcellenoy@jimdo.com,817-900-5741
900,Raviv,Keeton,1,30,1972,rkeetonoz@twitpic.com,899-538-4457
901,Olly,Adamson,14,8,1969,oadamsonp0@zdnet.com,287-253-7266
902,Missy,Askam,11,17,1977,maskamp1@columbia.edu,844-969-4647
903,Brnaby,Liddy,4,5,1999,bliddyp2@taobao.com,415-473-3453
904,Fifine,Spraggs,15,9,1990,fspraggsp3@fastcompany.com,964-102-1155
905,Kean,Durram,8,8,1972,kdurramp4@liveinternet.ru,365-937-0345
906,Benjie,Gowanlock,7,16,1996,bgowanlockp5@hibu.com,249-985-5992
907,Kristian,Viel,5,0,1981,kvielp6@reverbnation.com,987-113-5721
908,Mag,Hendrick,0,28,1977,mhendrickp7@uiuc.edu,467-824-8616
909,Odessa,Smith,3,4,2001,osmithp8@rediff.com,365-615-9316
910,Andriana,Pelos,17,25,1971,apelosp9@yale.edu,588-975-8803
911,Nickolaus,Hagwood,10,2,1981,nhagwoodpa@google.it,769-281-6174
912,Edmon,Moralas,3,27,1983,emoralaspb@about.me,592-804-6401
913,Charlena,Mellon,17,27,1979,cmellonpc@netscape.com,909-219-1791
914,Amitie,McTaggart,5,18,1997,amctaggartpd@comsenz.com,633-679-8694
915,Wernher,Spyby,15,5,2001,wspybype@soundcloud.com,367-139-0650
916,Dorry,Adolf,1,14,1990,dadolfpf@biglobe.ne.jp,577-920-1985
917,Izaak,Baxstair,3,3,1976,ibaxstairpg@ft.com,388-674-4266
918,Guglielma,Allery,5,24,1985,galleryph@theatlantic.com,915-312-0705
919,Jennine,Ellery,1,17,1981,jellerypi@networksolutions.com,256-699-7336
920,Rebeca,Bodill,15,15,1972,rbodillpj@hhs.gov,146-592-5654
921,Carey,Wayte,0,20,1987,cwaytepk@behance.net,132-159-4405
922,Flo,Ilchuk,11,29,1990,filchukpl@webnode.com,172-656-8051
923,Imojean,Kastel,11,25,1986,ikastelpm@apache.org,964-990-0826
924,Gretal,Finnick,5,9,1980,gfinnickpn@engadget.com,
925,Toddie,Haresnaip,4,17,1994,tharesnaippo@bigcartel.com,884-301-5104
926,Evelyn,Raitt,8,26,1969,eraittpp@who.int,156-940-7012
927,Henderson,Wolverson,11,14,1970,hwolversonpq@cdbaby.com,454-260-4236
928,Lucienne,Trusler,5,7,1973,ltruslerpr@smh.com.au,283-305-0472
929,Jami,Tommei,14,32,1995,jtommeips@alibaba.com,821-339-3047
930,Tedman,Weldrake,2,5,1989,tweldrakept@istockphoto.com,299-613-5171
931,Lexy,Colegate,3,2,1991,lcolegatepu@yellowpages.com,796-394-0830
932,Cindy,Clynman,12,18,1999,cclynmanpv@issuu.com,955-720-4555
933,Lorri,Pail,1,8,1975,lpailpw@reference.com,287-612-4143
934,Moyna,Duddell,10,24,1975,mduddellpx@comcast.net,
935,Phoebe,Stading,12,19,1987,pstadingpy@dropbox.com,280-131-0756
936,Cirstoforo,Kimbly,17,32,1995,ckimblypz@discuz.net,403-340-6273
937,Ric,Sambrook,11,27,1999,rsambrookq0@ted.com,843-595-8890
938,Gavin,Ingon,14,26,1993,gingonq1@goodreads.com,439-419-3478
939,Emery,Ruler,10,27,2001,erulerq2@cbslocal.com,617-796-9932
940,Christy,Joyner,10,28,1969,cjoynerq3@clickbank.net,966-196-5607
941,Rupert,Stonhard,5,16,1991,rstonhardq4@google.de,458-188-8476
942,Binky,Jedrzejewski,2,17,1995,bjedrzejewskiq5@cpanel.net,762-204-4261
943,Domenico,Valintine,11,3,1985,dvalintineq6@mapquest.com,415-170-0126
944,Quinn,de Broke,11,27,1997,qdebrokeq7@msn.com,
945,Audrey,Whalley,11,0,1987,awhalleyq8@bizjournals.com,433-389-1936
946,Consalve,Baber,8,6,1979,cbaberq9@mapquest.com,999-802-3986
947,Giorgi,Lobley,1,27,1990,globleyqa@unesco.org,421-837-1777
948,Liam,Ruppel,10,9,1984,lruppelqb@bigcartel.com,817-795-2287
949,Jefferson,Baly,13,22,1980,jbalyqc@sitemeter.com,
950,Karil,Moon,13,31,1998,kmoonqd@istockphoto.com,273-611-4784
951,Newton,Beek,3,11,2002,nbeekqe@amazon.com,543-261-0993
952,Allison,Licari,15,32,1974,alicariqf@mysql.com,532-216-7394
953,Alisun,Callard,4,5,1970,acallardqg@hostgator.com,563-871-2150
954,Gussie,Dupree,13,16,1994,gdupreeqh@miibeian.gov.cn,600-570-9622
955,Amelina,Dunseath,8,21,1995,adunseathqi@mayoclinic.com,480-251-4743
956,Ulises,Starzaker,0,2,1975,ustarzakerqj@liveinternet.ru,504-875-7100
957,Malanie,Adam,11,15,1995,madamqk@opensource.org,524-322-1349
958,Penelopa,Gartery,17,26,1985,pgarteryql@yellowpages.com,583-959-2518
959,Roddie,Fylan,6,19,1986,rfylanqm@altervista.org,341-600-7111
960,Ulrick,Ebanks,5,1,1994,uebanksqn@hhs.gov,692-468-1253
961,Alanson,McIlwreath,12,14,1978,amcilwreathqo@bizjournals.com,725-971-4882
962,Thomasina,Sallans,7,31,1988,tsallansqp@engadget.com,467-612-3151
963,Matt,Fideler,7,10,1971,mfidelerqq@yolasite.com,521-458-9404
964,Melisse,Cluatt,12,27,2000,mcluattqr@pagesperso-orange.fr,935-510-7978
965,Malanie,Shyram,15,15,1984,mshyramqs@census.gov,135-987-1006
966,Shayla,Banasiak,14,4,2002,sbanasiakqt@dion.ne.jp,694-389-9010
967,Mavra,Aujean,9,20,2000,maujeanqu@nsw.gov.au,328-393-9803
968,Waylan,Wedderburn,5,20,1992,wwedderburnqv@google.es,413-656-3544
969,Nertie,Dauby,17,6,1995,ndaubyqw@desdev.cn,637-318-5049
970,Garner,Duffet,17,17,2002,gduffetqx@joomla.org,474-521-0611
971,Carlyn,Macieja,5,30,1998,cmaciejaqy@creativecommons.org,494-648-4340
972,Cami,Hulle,12,13,1991,chulleqz@mapquest.com,965-833-4616
973,Zsazsa,Froom,4,13,2001,zfroomr0@hostgator.com,865-967-0977
974,Winfield,Crossingham,10,0,1984,wcrossinghamr1@yahoo.co.jp,887-168-6327
975,Tyson,Pountney,4,15,2001,tpountneyr2@ftc.gov,164-173-7810
976,Mattheus,De Vile,11,17,1977,mdeviler3@artisteer.com,100-554-4810
977,Cordie,Pogue,0,21,1981,cpoguer4@jimdo.com,496-387-8993
978,Blancha,Bristow,4,3,1996,bbristowr5@dell.com,183-475-9623
979,Merrilee,Pusill,1,18,1984,mpusillr6@bigcartel.com,549-491-6244
980,Elyn,Limeburner,11,20,1999,elimeburnerr7@weather.com,258-384-4627
981,Patsy,Wallwork,13,32,1994,pwallworkr8@php.net,511-249-7296
982,Mace,Jacques,8,26,1999,mjacquesr9@phpbb.com,813-635-6809
983,Earl,Braams,4,2,1999,ebraamsra@creativecommons.org,800-924-7520
984,Annadiana,Matt,12,15,2000,amattrb@technorati.com,758-371-8220
985,Kira,Tresvina,12,17,2001,ktresvinarc@alibaba.com,804-335-4781
986,Etty,Garbert,10,24,1982,egarbertrd@cocolog-nifty.com,114-598-4919
987,Ethelind,Granleese,1,1,1997,egranleesere@alexa.com,826-817-3106
988,Cherida,Plaskitt,6,28,1995,cplaskittrf@nydailynews.com,
989,Clement,Drewe,15,29,1996,cdrewerg@shop-pro.jp,382-730-9444
990,Horace,Currie,1,28,1993,hcurrierh@google.co.jp,225-834-5815
991,Roslyn,Brabyn,15,23,1994,rbrabynri@over-blog.com,267-615-0554
992,Dallon,O'Sheerin,3,25,1998,dosheerinrj@nature.com,257-672-9900
993,Eryn,Galego,8,11,1997,egalegork@telegraph.co.uk,670-555-5518
994,Pate,Cersey,15,1,1997,pcerseyrl@home.pl,932-640-3089
995,Fonsie,Paffitt,11,19,1989,fpaffittrm@umich.edu,186-895-9302
996,Lewiss,Jarrad,6,25,1970,ljarradrn@vinaora.com,744-454-8642
997,Darice,Cowderoy,0,11,1977,dcowderoyro@jigsy.com,651-672-9935
998,Zachery,Gosson,11,11,1983,zgossonrp@huffingtonpost.com,355-804-4291
999,Myranda,Brabban,5,16,1993,mbrabbanrq@umich.edu,345-774-8646
1000,Antonetta,Sandes,16,21,2002,asandesrr@cdbaby.com,432-753-3207
